[{"name": "crud", "id": "crud@exe", "type": "executable", "defined_in": "/home/otaservices/ymn5kor/rest_api/meson.build", "filename": ["/home/otaservices/ymn5kor/rest_api/builddir/crud"], "build_by_default": true, "target_sources": [{"language": "cpp", "compiler": ["ccache", "c++"], "parameters": ["-I/home/otaservices/ymn5kor/rest_api/builddir/crud.p", "-I/home/otaservices/ymn5kor/rest_api/builddir", "-I/home/otaservices/ymn5kor/rest_api", "-I/usr/include/mysql", "-I/usr/local/include", "-fdiagnostics-color=always", "-D_FILE_OFFSET_BITS=64", "-Wall", "-Winvalid-pch", "-Wnon-virtual-dtor", "-std=c++17", "-g"], "sources": ["/home/otaservices/ymn5kor/rest_api/./main.cpp", "/home/otaservices/ymn5kor/rest_api/./movieEndPoint.cpp", "/home/otaservices/ymn5kor/rest_api/./dbpool.cpp", "/home/otaservices/ymn5kor/rest_api/./movieService.cpp"], "generated_sources": []}], "extra_files": [], "subproject": null, "installed": false}]